,Unnamed: 0,state,housing_cost,food_cost,transportation_cost,healthcare_cost,other_necessities_cost,childcare_cost,taxes,total_cost,median_family_income,latitude,longitude,name,FIPS_Code,State,Area_name,Rural_urban_continuum_code_2013,Urban_influence_code_2013,City/Suburb/Town/Rural,Metro_2013,Civilian_labor_force_2000,Employed_2000,Unemployed_2000,Unemployment_rate_2000,Civilian_labor_force_2001,Employed_2001,Unemployed_2001,Unemployment_rate_2001,Civilian_labor_force_2002,Employed_2002,Unemployed_2002,Unemployment_rate_2002,Civilian_labor_force_2003,Employed_2003,Unemployed_2003,Unemployment_rate_2003,Civilian_labor_force_2004,Employed_2004,Unemployed_2004,Unemployment_rate_2004,Civilian_labor_force_2005,Employed_2005,Unemployed_2005,Unemployment_rate_2005,Civilian_labor_force_2006,Employed_2006,Unemployed_2006,Unemployment_rate_2006,Civilian_labor_force_2007,Employed_2007,Unemployed_2007,Unemployment_rate_2007,Civilian_labor_force_2008,Employed_2008,Unemployed_2008,Unemployment_rate_2008,Civilian_labor_force_2009,Employed_2009,Unemployed_2009,Unemployment_rate_2009,Civilian_labor_force_2010,Employed_2010,Unemployed_2010,Unemployment_rate_2010,Civilian_labor_force_2011,Employed_2011,Unemployed_2011,Unemployment_rate_2011,Civilian_labor_force_2012,Employed_2012,Unemployed_2012,Unemployment_rate_2012,Civilian_labor_force_2013,Employed_2013,Unemployed_2013,Unemployment_rate_2013,Civilian_labor_force_2014,Employed_2014,Unemployed_2014,Unemployment_rate_2014,Civilian_labor_force_2015,Employed_2015,Unemployed_2015,Unemployment_rate_2015,Civilian_labor_force_2016,Employed_2016,Unemployed_2016,Unemployment_rate_2016,Civilian_labor_force_2017,Employed_2017,Unemployed_2017,Unemployment_rate_2017,Civilian_labor_force_2018,Employed_2018,Unemployed_2018,Unemployment_rate_2018,Civilian_labor_force_2019,Employed_2019,Unemployed_2019,Unemployment_rate_2019,Civilian_labor_force_2020,Employed_2020,Unemployed_2020,Unemployment_rate_2020,Median_Household_Income_2019,Med_HH_Income_Percent_of_State_Total_2019,NAME,2006_Age0_Sex0,2007_Age0_Sex0,2008_Age0_Sex0,2009_Age0_Sex0,2010_Age0_Sex0,2011_Age0_Sex0,2012_Age0_Sex0,2013_Age0_Sex0,2014_Age0_Sex0,2015_Age0_Sex0
0,0,AK,15520.427586206895,8694.782040827586,12361.72074951724,15641.815574482758,8774.125398206897,15194.391719172414,9047.294051586206,85234.55735999999,81242.83135775862,63.588753,-154.493062,Alaska,2000,AK,Alaska,,,,,"319,777","299,590","20,187",6.3,"321,652","301,422","20,230",6.3,"327,054","303,560","23,494",7.2,"332,494","306,964","25,530",7.7,"337,469","312,394","25,075",7.4,"344,157","320,273","23,884",6.9,"348,756","325,672","23,084",6.6,"350,233","328,309","21,924",6.3,"355,298","332,364","22,934",6.5,"359,379","330,718","28,661",8.0,"361,707","332,185","29,522",8.2,"364,599","336,312","28,287",7.8,"364,153","337,834","26,319",7.2,"363,544","338,104","25,440",7.0,"364,281","339,704","24,577",6.7,"362,425","339,604","22,821",6.3,"362,017","338,193","23,824",6.6,"361,225","337,728","23,497",6.5,"356,199","335,033","21,166",5.9,"353,888","334,754","19,134",5.4,"347,414","320,219","27,195",7.8,"77,203",100.0,Alaska,120562,120729,128812,144785,138777,141836,146928,135757,123604,105982
1,1,AL,9181.39251761194,8480.711292716418,13141.56889002985,14236.294295462689,6399.67677116418,9552.574830089552,7975.351472955223,68967.5700197015,58099.87150186567,32.318231,-86.902298,Alabama,1000,AL,Alabama,,,,,"2,147,173","2,047,731","99,442",4.6,"2,128,027","2,017,467","110,560",5.2,"2,112,621","1,987,633","124,988",5.9,"2,128,668","2,001,568","127,100",6.0,"2,138,306","2,018,783","119,523",5.6,"2,140,356","2,045,234","95,122",4.4,"2,170,007","2,083,207","86,800",4.0,"2,180,448","2,092,030","88,418",4.1,"2,176,854","2,049,579","127,275",5.8,"2,156,593","1,938,784","217,809",10.1,"2,197,028","1,968,824","228,204",10.4,"2,202,337","1,991,379","210,958",9.6,"2,178,508","2,000,848","177,660",8.2,"2,172,102","2,012,828","159,274",7.3,"2,164,715","2,018,705","146,010",6.7,"2,152,295","2,020,443","131,852",6.1,"2,155,729","2,029,157","126,572",5.9,"2,172,455","2,073,396","99,059",4.6,"2,207,019","2,120,704","86,315",3.9,"2,237,278","2,169,395","67,883",3.0,"2,230,118","2,099,062","131,056",5.9,"51,771",100.0,Alabama,621448,579599,600542,623621,681437,669410,633845,637841,567439,475233
2,2,AR,8886.487749279999,7788.489356,13131.92738608,12038.5118632,6042.001844640001,7732.10427616,5872.36926576,61491.8918512,55025.5678125,35.20105,-91.831833,Arkansas,5000,AR,Arkansas,,,,,"1,260,507","1,207,833","52,674",4.2,"1,261,419","1,201,314","60,105",4.8,"1,276,964","1,209,006","67,958",5.3,"1,282,578","1,208,583","73,995",5.8,"1,302,378","1,229,546","72,832",5.6,"1,333,880","1,263,663","70,217",5.3,"1,346,532","1,276,000","70,532",5.2,"1,350,811","1,277,902","72,909",5.4,"1,357,716","1,284,175","73,541",5.4,"1,353,340","1,248,691","104,649",7.7,"1,353,635","1,247,059","106,576",7.9,"1,357,819","1,250,431","107,388",7.9,"1,349,888","1,251,883","98,005",7.3,"1,331,609","1,237,609","94,000",7.1,"1,327,959","1,249,766","78,193",5.9,"1,339,301","1,272,785","66,516",5.0,"1,343,891","1,290,430","53,461",4.0,"1,350,036","1,299,544","50,492",3.7,"1,352,670","1,303,286","49,384",3.7,"1,365,262","1,317,158","48,104",3.5,"1,354,296","1,272,344","81,952",6.1,"49,020",100.0,Arkansas,486956,479294,472500,471567,500134,490103,471902,458780,336619,269055
3,3,AZ,12793.9107336,8146.288516,13479.5814136,14532.4829112,7587.459998400001,11314.8930784,8131.3225224,75985.93937600001,59661.879166666666,34.048928,-111.093731,Arizona,4000,AZ,Arizona,,,,,"2,510,611","2,410,825","99,786",4.0,"2,593,664","2,470,816","122,848",4.7,"2,683,502","2,518,051","165,451",6.2,"2,728,649","2,571,097","157,552",5.8,"2,788,618","2,649,564","139,054",5.0,"2,862,517","2,729,018","133,499",4.7,"2,970,679","2,843,054","127,625",4.3,"3,018,805","2,905,144","113,661",3.8,"3,095,993","2,916,698","179,295",5.8,"3,128,891","2,826,426","302,465",9.7,"3,096,316","2,777,404","318,912",10.3,"3,051,937","2,763,761","288,176",9.4,"3,054,343","2,799,634","254,709",8.3,"3,064,554","2,825,341","239,213",7.8,"3,118,441","2,906,193","212,248",6.8,"3,184,445","2,990,545","193,900",6.1,"3,253,468","3,075,851","177,617",5.5,"3,329,618","3,164,810","164,808",4.9,"3,428,064","3,263,136","164,928",4.8,"3,538,723","3,366,660","172,063",4.9,"3,570,220","3,288,150","282,070",7.9,"62,027",100.0,Arizona,1185052,1165954,1138508,1118761,1042809,1064887,1111138,1092617,886514,710610
4,4,CA,20232.487360137933,9673.952906482758,14740.170922344829,14221.493600068963,10836.28274027586,10761.33463572414,12713.440852965516,93179.16306,82922.16924838362,36.778261,-119.417932,California,6000,CA,California,,,,,"16,837,536","16,011,619","825,917",4.9,"17,096,428","16,160,509","935,919",5.5,"17,246,528","16,081,472","1,165,056",6.8,"17,271,899","16,081,515","1,190,384",6.9,"17,374,506","16,293,555","1,080,951",6.2,"17,537,931","16,593,622","944,309",5.4,"17,661,179","16,797,845","863,334",4.9,"17,910,726","16,955,400","955,326",5.3,"18,179,907","16,856,082","1,323,825",7.3,"18,305,953","16,193,122","2,112,831",11.5,"18,370,536","16,078,454","2,292,082",12.5,"18,406,756","16,220,602","2,186,154",11.9,"18,484,881","16,541,039","1,943,842",10.5,"18,565,408","16,887,864","1,677,544",9.0,"18,676,692","17,264,518","1,412,174",7.6,"18,824,141","17,647,409","1,176,732",6.3,"19,012,017","17,965,407","1,046,610",5.5,"19,173,778","18,246,813","926,965",4.8,"19,263,895","18,442,405","821,490",4.3,"19,353,743","18,550,526","803,217",4.2,"18,821,167","16,913,078","1,908,089",10.1,"80,423",100.0,California,6829725,6465408,6166623,6491176,6720279,6603169,6580078,6368296,4655102,3234373
5,5,CO,14133.4356886875,9168.6877273125,14616.030772875,10427.4207976875,8443.278293625,11290.9788075,9515.950683375,77595.782964375,75158.80529785156,39.550051,-105.782067,Colorado,8000,CO,Colorado,,,,,"2,358,371","2,294,104","64,267",2.7,"2,396,012","2,304,547","91,465",3.8,"2,448,903","2,309,639","139,264",5.7,"2,490,397","2,338,432","151,965",6.1,"2,539,389","2,397,588","141,801",5.6,"2,572,382","2,442,134","130,248",5.1,"2,640,452","2,528,550","111,902",4.2,"2,687,742","2,588,340","99,402",3.7,"2,734,398","2,601,712","132,686",4.9,"2,730,604","2,515,483","215,121",7.9,"2,715,723","2,466,996","248,727",9.2,"2,730,262","2,493,472","236,790",8.7,"2,749,192","2,529,785","219,407",8.0,"2,766,140","2,579,568","186,572",6.7,"2,800,666","2,661,070","139,596",5.0,"2,825,761","2,719,997","105,764",3.7,"2,894,157","2,803,504","90,653",3.1,"2,982,495","2,904,014","78,481",2.6,"3,071,396","2,978,194","93,202",3.0,"3,126,120","3,043,108","83,012",2.7,"3,122,237","2,895,473","226,764",7.3,"77,104",100.0,Colorado,804462,787080,785439,756645,777411,753842,744887,722130,535569,428602
6,6,CT,16953.5644215,9703.825338,13606.714935,13085.251473,9659.0236095,13624.394466000002,13380.730326,90013.50461999999,103228.2333984375,41.603221,-73.087749,Connecticut,9000,CT,Connecticut,,,,,"1,760,697","1,723,597","37,100",2.1,"1,749,195","1,698,594","50,601",2.9,"1,776,064","1,697,788","78,276",4.4,"1,785,737","1,688,380","97,357",5.5,"1,777,510","1,687,121","90,389",5.1,"1,794,301","1,707,935","86,366",4.8,"1,831,083","1,750,385","80,698",4.4,"1,856,008","1,773,047","82,961",4.5,"1,878,120","1,772,393","105,727",5.6,"1,888,374","1,731,361","157,013",8.3,"1,911,289","1,728,121","183,168",9.6,"1,914,449","1,741,971","172,478",9.0,"1,887,545","1,729,687","157,858",8.4,"1,867,378","1,718,834","148,544",8.0,"1,889,102","1,764,118","124,984",6.6,"1,892,087","1,785,788","106,299",5.6,"1,893,200","1,801,390","91,810",4.8,"1,903,348","1,819,444","83,904",4.4,"1,905,382","1,830,995","74,387",3.9,"1,917,300","1,848,476","68,824",3.6,"1,872,631","1,724,621","148,010",7.9,"78,920",100.0,Connecticut,348724,325910,298164,299521,309864,299599,313293,322785,236861,201842
7,7,DC,21089.38596,11631.158784,7961.970432,14065.9011,11855.943468,31940.4924,21744.78522,120289.63692,116607.390625,38.905985,-77.033418,District of Columbia,11001,DC,District of Columbia,1.0,1.0,City,1.0,"309,977","292,299","17,678",5.7,"311,232","291,080","20,152",6.5,"308,760","287,196","21,564",7.0,"308,454","285,997","22,457",7.3,"313,735","288,323","25,412",8.1,"318,130","295,907","22,223",7.0,"320,581","300,323","20,258",6.3,"326,557","307,071","19,486",6.0,"334,487","311,588","22,899",6.8,"338,113","304,277","33,836",10.0,"346,707","312,132","34,575",10.0,"352,193","316,372","35,821",10.2,"365,176","332,412","32,764",9.0,"374,199","342,609","31,590",8.4,"379,678","350,415","29,263",7.7,"388,446","361,556","26,890",6.9,"395,124","370,553","24,571",6.2,"403,671","378,980","24,691",6.1,"408,248","385,083","23,165",5.7,"414,976","392,726","22,250",5.4,"409,734","376,839","32,895",8.0,"90,395",100.0,District of Columbia,69419,61680,42390,40951,45483,42737,36824,40687,32799,24198
8,7,DC,21089.38596,11631.158784,7961.970432,14065.9011,11855.943468,31940.4924,21744.78522,120289.63692,116607.390625,38.905985,-77.033418,District of Columbia,11000,DC,District of Columbia,,,,,"309,977","292,299","17,678",5.7,"311,232","291,080","20,152",6.5,"308,760","287,196","21,564",7.0,"308,454","285,997","22,457",7.3,"313,735","288,323","25,412",8.1,"318,130","295,907","22,223",7.0,"320,581","300,323","20,258",6.3,"326,557","307,071","19,486",6.0,"334,487","311,588","22,899",6.8,"338,113","304,277","33,836",10.0,"346,707","312,132","34,575",10.0,"352,193","316,372","35,821",10.2,"365,176","332,412","32,764",9.0,"374,199","342,609","31,590",8.4,"379,678","350,415","29,263",7.7,"388,446","361,556","26,890",6.9,"395,124","370,553","24,571",6.2,"403,671","378,980","24,691",6.1,"408,248","385,083","23,165",5.7,"414,976","392,726","22,250",5.4,"409,734","376,839","32,895",8.0,"90,395",100.0,District of Columbia,69419,61680,42390,40951,45483,42737,36824,40687,32799,24198
9,8,DE,14449.7906,8989.749036,13320.44572,14330.672688,8493.069652,11319.138832,10602.651432,81505.51756000001,81198.6640625,38.910832,-75.52767,Delaware,10000,DE,Delaware,,,,,"412,956","398,188","14,768",3.6,"421,563","406,517","15,046",3.6,"417,207","399,417","17,790",4.3,"415,890","397,310","18,580",4.5,"421,093","402,992","18,101",4.3,"433,375","413,828","19,547",4.5,"443,228","425,995","17,233",3.9,"445,306","429,203","16,103",3.6,"450,265","427,694","22,571",5.0,"438,383","401,718","36,665",8.4,"436,196","398,388","37,808",8.7,"443,971","410,229","33,742",7.6,"445,962","414,489","31,473",7.1,"443,551","414,215","29,336",6.6,"452,712","427,400","25,312",5.6,"462,752","440,555","22,197",4.8,"468,808","447,640","21,168",4.5,"475,671","454,514","21,157",4.4,"481,179","463,416","17,763",3.7,"488,039","470,219","17,820",3.7,"484,358","446,458","37,900",7.8,"70,348",100.0,Delaware,97688,92616,85208,88758,86894,84181,77920,82347,70640,52951
10,9,FL,13166.638745014923,8955.002390149253,12972.213807044776,13543.69227277612,8015.543004358209,8797.532817671641,6071.099941074627,71521.72298149254,64294.17659748135,27.664827,-81.515754,Florida,12000,FL,Florida,,,,,"7,917,857","7,620,683","297,174",3.8,"8,048,882","7,692,124","356,758",4.4,"8,050,051","7,651,923","398,128",4.9,"8,123,135","7,760,904","362,231",4.5,"8,347,316","8,033,591","313,725",3.8,"8,647,279","8,400,346","246,933",2.9,"8,927,098","8,707,158","219,940",2.5,"9,113,604","8,813,449","300,155",3.3,"9,156,458","8,636,212","520,246",5.7,"8,987,789","8,127,251","860,538",9.6,"9,147,107","8,155,401","991,706",10.8,"9,260,348","8,334,119","926,229",10.0,"9,335,727","8,529,063","806,664",8.6,"9,414,664","8,706,060","708,604",7.5,"9,546,407","8,931,440","614,967",6.4,"9,639,737","9,106,772","532,965",5.5,"9,841,301","9,360,237","481,064",4.9,"10,032,422","9,606,451","425,971",4.2,"10,166,231","9,798,469","367,762",3.6,"10,330,467","9,991,437","339,030",3.3,"10,114,329","9,332,838","781,491",7.7,"59,198",100.0,Florida,3730428,3615358,3581341,3735524,3853392,3804839,3724873,3778848,3176171,2602192
11,10,GA,9991.26649471698,8232.04348,13208.205735773585,12863.149408,6603.023894490566,7299.594340830188,6701.05331645283,64898.33659396227,59841.33613404088,32.157435,-82.907123,Georgia,13000,GA,Georgia,,,,,"4,202,695","4,055,366","147,329",3.5,"4,257,901","4,083,528","174,373",4.1,"4,341,617","4,111,627","229,990",5.3,"4,414,282","4,187,003","227,279",5.1,"4,464,780","4,236,301","228,479",5.1,"4,598,159","4,336,264","261,895",5.7,"4,713,863","4,474,820","239,043",5.1,"4,810,264","4,573,302","236,962",4.9,"4,863,225","4,534,790","328,435",6.8,"4,792,150","4,292,830","499,320",10.4,"4,709,781","4,207,266","502,515",10.7,"4,739,281","4,258,833","480,448",10.1,"4,770,618","4,339,369","431,249",9.0,"4,750,046","4,363,292","386,754",8.1,"4,745,859","4,407,067","338,792",7.1,"4,734,088","4,446,515","287,573",6.1,"4,921,814","4,653,740","268,074",5.4,"5,106,156","4,862,552","243,604",4.8,"5,118,256","4,912,487","205,769",4.0,"5,148,312","4,966,157","182,155",3.5,"5,072,155","4,741,191","330,964",6.5,"61,950",100.0,Georgia,1673525,1632316,1700333,1815729,1848505,1846990,1767578,1810621,1549301,1366843
12,11,HI,22335.139128,12852.9297264,13949.0729496,11638.530996,12750.0248232,13198.9178112,18172.647048,104897.262264,99596.9921875,19.898682,-155.665857,Hawaii,15000,HI,Hawaii,,,,,"605,395","579,736","25,659",4.2,"607,556","581,379","26,177",4.3,"601,786","577,616","24,170",4.0,"603,936","580,352","23,584",3.9,"611,752","591,594","20,158",3.3,"625,530","607,853","17,677",2.8,"635,415","619,362","16,053",2.5,"636,710","619,224","17,486",2.7,"641,526","615,767","25,759",4.0,"631,970","589,798","42,172",6.7,"648,549","604,210","44,339",6.8,"660,634","615,470","45,164",6.8,"650,415","611,985","38,430",5.9,"650,978","620,005","30,973",4.8,"664,014","635,913","28,101",4.2,"670,594","647,616","22,978",3.4,"679,121","659,557","19,564",2.9,"679,783","664,729","15,054",2.2,"675,187","659,250","15,937",2.4,"669,189","652,766","16,423",2.5,"648,191","572,796","75,395",11.6,"83,734",100.0,Hawaii,105508,96622,85490,91365,102658,94510,90741,88089,69936,55299
13,12,IA,9710.733269454546,7872.1353270303025,13895.873568363637,12156.447592242424,6370.966712727272,8656.973161939393,7425.909571515152,66089.03930787879,74522.30500315657,41.878003,-93.097702,Iowa,19000,IA,Iowa,,,,,"1,594,400","1,551,434","42,966",2.7,"1,610,634","1,556,923","53,711",3.3,"1,629,047","1,564,178","64,869",4.0,"1,607,931","1,536,505","71,426",4.4,"1,607,438","1,534,634","72,804",4.5,"1,628,510","1,558,522","69,988",4.3,"1,655,924","1,595,344","60,580",3.7,"1,662,155","1,600,507","61,648",3.7,"1,682,209","1,612,459","69,750",4.1,"1,677,059","1,569,561","107,498",6.4,"1,674,411","1,571,960","102,451",6.1,"1,670,056","1,575,767","94,289",5.6,"1,660,180","1,576,236","83,944",5.1,"1,676,565","1,597,139","79,426",4.7,"1,698,718","1,626,676","72,042",4.2,"1,700,549","1,637,467","63,082",3.7,"1,703,164","1,642,152","61,012",3.6,"1,686,470","1,634,328","52,142",3.1,"1,701,663","1,657,461","44,202",2.6,"1,733,868","1,685,857","48,011",2.8,"1,666,420","1,578,765","87,655",5.3,"61,807",100.0,Iowa,272711,274879,248020,247530,270219,263528,249896,244164,185413,149178
14,13,ID,10711.257416454546,8729.474354727274,14391.546485727273,12514.745433272728,7044.143792181819,9655.050370363637,7459.801566,70506.01943999999,63504.19691051136,44.068202,-114.742041,Idaho,16000,ID,Idaho,,,,,"661,066","630,228","30,838",4.7,"678,281","643,913","34,368",5.1,"685,650","647,019","38,631",5.6,"691,702","653,299","38,403",5.6,"702,872","668,638","34,234",4.9,"730,354","701,400","28,954",4.0,"744,475","718,848","25,627",3.4,"755,287","732,155","23,132",3.1,"759,676","721,828","37,848",5.0,"763,633","696,832","66,801",8.7,"762,147","695,265","66,882",8.8,"764,205","701,660","62,545",8.2,"772,112","714,969","57,143",7.4,"777,606","724,545","53,061",6.8,"776,937","742,805","34,132",4.4,"795,014","764,121","30,893",3.9,"812,921","783,180","29,741",3.7,"833,996","807,676","26,320",3.2,"855,263","831,218","24,045",2.8,"879,448","855,129","24,319",2.8,"892,151","844,365","47,786",5.4,"60,830",100.0,Idaho,226111,225232,250615,257017,273440,255479,250246,256305,216276,177426
15,14,IL,10140.770715294117,7684.844930941177,13523.060966117648,15632.785638705882,6458.923552941176,10554.929404470588,9029.297872941175,73024.61305294117,73194.42578125,40.633125,-89.398528,Illinois,17000,IL,Illinois,,,,,"6,494,429","6,206,060","288,369",4.4,"6,454,092","6,103,092","351,000",5.4,"6,341,891","5,925,990","415,901",6.6,"6,310,520","5,885,134","425,386",6.7,"6,348,716","5,955,739","392,977",6.2,"6,410,767","6,044,685","366,082",5.7,"6,515,687","6,217,917","297,770",4.6,"6,639,198","6,301,409","337,789",5.1,"6,652,942","6,222,179","430,763",6.5,"6,601,620","5,928,539","673,081",10.2,"6,612,433","5,918,202","694,231",10.5,"6,567,531","5,925,787","641,744",9.8,"6,583,689","5,989,454","594,235",9.0,"6,556,593","5,961,201","595,392",9.1,"6,516,372","6,049,059","467,313",7.2,"6,511,797","6,119,934","391,863",6.0,"6,559,038","6,172,672","386,366",5.9,"6,485,462","6,164,387","321,075",5.0,"6,472,193","6,189,228","282,965",4.4,"6,445,989","6,188,686","257,303",4.0,"6,249,147","5,657,532","591,615",9.5,"69,212",100.0,Illinois,1787151,1670278,1542646,1658111,1717178,1627886,1593191,1588326,1211871,885019
16,15,IN,10183.022277913044,7476.631628608696,13385.544981,12401.905053913042,6398.789053565217,12064.40524904348,7251.382306434783,69161.68045956522,70347.77454144022,40.551217,-85.602364,Indiana,18000,IN,Indiana,,,,,"3,125,304","3,030,889","94,415",3.0,"3,143,985","3,010,490","133,495",4.2,"3,161,709","2,997,963","163,746",5.2,"3,178,568","3,011,507","167,061",5.3,"3,165,247","2,993,991","171,256",5.4,"3,202,215","3,029,258","172,957",5.4,"3,235,980","3,075,761","160,219",5.0,"3,202,589","3,054,548","148,041",4.6,"3,244,790","3,053,593","191,197",5.9,"3,216,535","2,880,173","336,362",10.5,"3,175,885","2,854,843","321,042",10.1,"3,189,011","2,904,397","284,614",8.9,"3,172,556","2,911,925","260,631",8.2,"3,193,683","2,953,672","240,011",7.5,"3,228,524","3,036,685","191,839",5.9,"3,266,392","3,109,791","156,601",4.8,"3,331,821","3,186,420","145,401",4.4,"3,327,615","3,211,524","116,091",3.5,"3,378,165","3,264,145","114,020",3.4,"3,382,491","3,273,070","109,421",3.2,"3,319,010","3,082,982","236,028",7.1,"57,617",100.0,Indiana,784146,715766,817222,882602,929589,911674,911449,887375,768504,621372
17,16,KS,9675.83905542857,8134.008803428571,13828.6669216,14325.083046857144,6453.210268914286,7853.488288914285,6962.780205828572,67233.07662514286,68094.71253720239,39.011902,-98.484246,Kansas,20000,KS,Kansas,,,,,"1,402,606","1,349,841","52,765",3.8,"1,398,521","1,338,775","59,746",4.3,"1,419,335","1,347,163","72,172",5.1,"1,441,065","1,361,115","79,950",5.5,"1,458,910","1,378,355","80,555",5.5,"1,458,767","1,384,654","74,113",5.1,"1,467,553","1,402,950","64,603",4.4,"1,485,414","1,422,109","63,305",4.3,"1,493,365","1,425,022","68,343",4.6,"1,512,572","1,408,142","104,430",6.9,"1,500,463","1,396,172","104,291",7.0,"1,498,000","1,402,198","95,802",6.4,"1,490,808","1,405,638","85,170",5.7,"1,489,395","1,410,470","78,925",5.3,"1,494,203","1,426,892","67,311",4.5,"1,493,782","1,431,533","62,249",4.2,"1,491,961","1,431,920","60,041",4.0,"1,483,648","1,429,911","53,737",3.6,"1,483,633","1,434,852","48,781",3.3,"1,493,666","1,446,448","47,218",3.2,"1,497,003","1,408,995","88,008",5.9,"62,028",100.0,Kansas,321869,330694,305209,349636,380567,348974,348613,341248,284342,253816
18,17,KY,9264.43609,7454.149497200001,13444.1126756,12637.323742,6057.802890100001,9151.5469626,7284.855799599999,65294.227775,58144.298665364586,37.839333,-84.270018,Kentucky,21000,KY,Kentucky,,,,,"1,957,400","1,876,232","81,168",4.1,"1,953,834","1,852,043","101,791",5.2,"1,944,682","1,832,250","112,432",5.8,"1,965,881","1,844,378","121,503",6.2,"1,969,935","1,861,750","108,185",5.5,"1,991,726","1,874,747","116,979",5.9,"2,026,144","1,910,580","115,564",5.7,"2,035,493","1,925,716","109,777",5.4,"2,038,225","1,906,275","131,950",6.5,"2,064,847","1,842,085","222,762",10.8,"2,065,023","1,852,302","212,721",10.3,"2,061,500","1,868,168","193,332",9.4,"2,060,084","1,891,109","168,975",8.2,"2,055,895","1,892,777","163,118",7.9,"2,006,518","1,877,551","128,967",6.4,"1,979,641","1,876,009","103,632",5.2,"2,015,645","1,914,479","101,166",5.0,"2,049,909","1,952,376","97,533",4.8,"2,052,876","1,966,606","86,270",4.2,"2,070,332","1,984,662","85,670",4.1,"2,019,887","1,885,645","134,242",6.6,"52,256",100.0,Kentucky,570294,602995,542705,601743,640974,621065,593832,615363,360275,258239
19,18,LA,10721.3652395625,8451.393716062501,13140.45278325,14997.6591789375,6947.046667875,6766.504301625,7257.9278015625,68282.349845625,58620.87313842773,31.244823,-92.145024,Louisiana,22000,LA,Louisiana,,,,,"2,026,392","1,921,984","104,408",5.2,"2,027,220","1,913,555","113,665",5.6,"2,013,652","1,892,947","120,705",6.0,"2,024,914","1,897,902","127,012",6.3,"2,030,415","1,914,521","115,894",5.7,"2,078,215","1,929,492","148,723",7.2,"2,001,297","1,919,476","81,821",4.1,"2,026,793","1,943,648","83,145",4.1,"2,064,692","1,968,676","96,016",4.7,"2,067,873","1,927,200","140,673",6.8,"2,084,462","1,927,720","156,742",7.5,"2,080,525","1,926,038","154,487",7.4,"2,089,644","1,948,630","141,014",6.7,"2,101,974","1,966,755","135,219",6.4,"2,141,519","2,007,668","133,851",6.3,"2,150,050","2,015,081","134,969",6.3,"2,123,690","1,994,639","129,051",6.1,"2,108,493","2,000,391","108,102",5.1,"2,114,675","2,012,747","101,928",4.8,"2,119,799","2,021,226","98,573",4.7,"2,076,643","1,905,238","171,405",8.3,"51,108",100.0,Louisiana,864144,871231,732996,766181,793782,783015,755908,746374,661811,538466
20,19,MA,21447.66233742857,10370.573459142855,12986.786190857145,11432.136849428573,11529.001648285714,18146.393778857146,15979.021309714286,101891.57594571428,100532.20982142857,42.407211,-71.382437,Massachusetts,25000,MA,Massachusetts,,,,,"3,340,566","3,246,356","94,210",2.8,"3,386,892","3,258,352","128,540",3.8,"3,436,864","3,257,517","179,347",5.2,"3,418,989","3,223,294","195,695",5.7,"3,400,830","3,226,991","173,839",5.1,"3,385,536","3,222,953","162,583",4.8,"3,411,688","3,251,029","160,659",4.7,"3,433,239","3,277,912","155,327",4.5,"3,465,906","3,282,299","183,607",5.3,"3,470,431","3,189,506","280,925",8.1,"3,479,304","3,198,617","280,687",8.1,"3,484,135","3,232,458","251,677",7.2,"3,506,457","3,271,256","235,201",6.7,"3,516,689","3,283,144","233,545",6.6,"3,569,557","3,364,853","204,704",5.7,"3,589,409","3,417,296","172,113",4.8,"3,617,498","3,472,327","145,171",4.0,"3,682,039","3,541,513","140,526",3.8,"3,763,163","3,633,438","129,725",3.4,"3,782,086","3,667,735","114,351",3.0,"3,658,321","3,334,126","324,195",8.9,"85,700",100.0,Massachusetts,530973,435894,240442,269241,281724,267661,246614,238392,208262,180139
21,20,MD,16307.2751975,8959.5293275,13674.5560175,9015.9699115,9155.159809,12018.683361,9870.316977,79001.490465,96138.12760416669,39.045755,-76.641271,Maryland,24000,MD,Maryland,,,,,"2,801,391","2,702,430","98,961",3.5,"2,836,279","2,717,443","118,836",4.2,"2,872,367","2,734,977","137,390",4.8,"2,881,024","2,742,966","138,058",4.8,"2,885,111","2,752,186","132,925",4.6,"2,931,581","2,799,960","131,621",4.5,"2,984,444","2,860,048","124,396",4.2,"2,989,317","2,877,994","111,323",3.7,"3,027,934","2,891,508","136,426",4.5,"3,049,869","2,819,397","230,472",7.6,"3,078,368","2,836,945","241,423",7.8,"3,097,300","2,870,857","226,443",7.3,"3,120,947","2,906,518","214,429",6.9,"3,128,908","2,924,626","204,282",6.5,"3,125,017","2,945,911","179,106",5.7,"3,139,988","2,983,083","156,905",5.0,"3,155,918","3,020,827","135,091",4.3,"3,202,702","3,071,962","130,740",4.1,"3,215,107","3,092,580","122,527",3.8,"3,269,707","3,155,739","113,968",3.5,"3,172,796","2,958,287","214,509",6.8,"86,644",100.0,Maryland,764718,714982,596241,627606,630139,595770,587764,584728,450280,374972
22,21,ME,12014.3904945,10236.02464575,13511.80492875,13055.79658125,8062.202881499999,9010.0476015,8318.16968325,74208.436575,69733.93920898438,45.253783,-69.445469,Maine,23000,ME,Maine,,,,,"677,489","654,981","22,508",3.3,"674,958","649,627","25,331",3.8,"678,559","648,301","30,258",4.5,"685,165","649,899","35,266",5.1,"685,989","654,082","31,907",4.7,"695,280","661,176","34,104",4.9,"700,747","667,801","32,946",4.7,"699,753","667,061","32,692",4.7,"701,930","664,441","37,489",5.3,"697,698","639,142","58,556",8.4,"697,832","638,984","58,848",8.4,"698,979","644,967","54,012",7.7,"700,730","650,315","50,415",7.2,"704,240","657,058","47,182",6.7,"698,035","659,008","39,027",5.6,"687,859","657,550","30,309",4.4,"693,917","667,723","26,194",3.8,"699,532","675,934","23,598",3.4,"698,266","676,565","21,701",3.1,"696,195","677,205","18,990",2.7,"676,547","639,759","36,788",5.4,"58,824",100.0,Maine,123132,119750,131753,135054,132154,139781,133087,143651,131550,108771
23,22,MI,10453.398516,8081.84178173494,13498.8334833253,11321.191634024097,6716.048544433736,11360.720515951807,7350.064246409639,68782.09874313253,66016.92286332832,44.314844,-85.602364,Michigan,26000,MI,Michigan,,,,,"5,156,695","4,968,878","187,817",3.6,"5,138,844","4,872,118","266,726",5.2,"5,034,722","4,723,286","311,436",6.2,"5,036,119","4,678,901","357,218",7.1,"5,056,148","4,703,962","352,186",7.0,"5,069,602","4,725,701","343,901",6.8,"5,056,734","4,701,385","355,349",7.0,"4,994,841","4,640,173","354,668",7.1,"4,915,781","4,513,249","402,532",8.2,"4,860,036","4,221,462","638,574",13.1,"4,754,799","4,173,946","580,853",12.2,"4,668,979","4,201,785","467,194",10.0,"4,685,462","4,261,963","423,499",9.0,"4,736,919","4,323,410","413,509",8.7,"4,759,720","4,416,017","343,703",7.2,"4,760,207","4,501,816","258,391",5.4,"4,848,638","4,606,948","241,690",5.0,"4,887,347","4,663,044","224,303",4.6,"4,917,708","4,712,869","204,839",4.2,"4,949,476","4,748,008","201,468",4.1,"4,840,843","4,362,728","478,115",9.9,"59,522",100.0,Michigan,1068071,1042613,1054990,1173560,1193021,1130594,1103508,1059974,827968,590197
24,23,MN,10909.731249931036,8496.356437793103,13860.518967172413,12371.293413931036,7031.590875862069,11073.390693517242,8005.468306068966,71748.34987724139,78767.61377514368,46.729553,-94.6859,Minnesota,27000,MN,Minnesota,,,,,"2,799,111","2,714,001","85,110",3.0,"2,847,955","2,740,867","107,088",3.8,"2,873,004","2,744,745","128,259",4.5,"2,893,369","2,754,850","138,519",4.8,"2,893,478","2,760,746","132,732",4.6,"2,880,908","2,762,419","118,489",4.1,"2,889,613","2,772,171","117,442",4.1,"2,898,861","2,765,611","133,250",4.6,"2,914,133","2,756,573","157,560",5.4,"2,932,056","2,699,974","232,082",7.9,"2,940,696","2,722,623","218,073",7.4,"2,952,527","2,760,400","192,127",6.5,"2,949,770","2,783,181","166,589",5.6,"2,961,729","2,812,453","149,276",5.0,"2,979,798","2,852,488","127,310",4.3,"3,005,414","2,891,673","113,741",3.8,"3,023,110","2,906,348","116,762",3.9,"3,050,765","2,945,748","105,017",3.4,"3,059,403","2,966,976","92,427",3.0,"3,092,900","2,995,039","97,861",3.2,"3,094,702","2,903,562","191,140",6.2,"74,529",100.0,Minnesota,425028,436345,423662,460534,468857,462930,419196,433829,308991,237981
25,24,MO,9267.675736137931,7759.355090999999,13243.78763524138,15061.465639551723,6169.564771344827,7873.089313034482,6845.8245517241385,66220.76276793104,61569.82904211956,37.964253,-91.831833,Missouri,29000,MO,Missouri,,,,,"2,971,441","2,870,458","100,983",3.4,"2,987,905","2,853,157","134,748",4.5,"2,981,097","2,823,361","157,736",5.3,"2,983,337","2,814,661","168,676",5.7,"2,995,924","2,819,803","176,121",5.9,"3,011,096","2,847,795","163,301",5.4,"3,036,656","2,888,798","147,858",4.9,"3,058,119","2,902,504","155,615",5.1,"3,065,251","2,875,600","189,651",6.2,"3,061,704","2,784,890","276,814",9.0,"3,043,249","2,753,910","289,339",9.5,"3,032,960","2,770,662","262,298",8.6,"3,004,347","2,789,025","215,322",7.2,"3,011,198","2,807,115","204,083",6.8,"3,035,599","2,848,571","187,028",6.2,"3,057,859","2,901,467","156,392",5.1,"3,072,904","2,933,457","139,447",4.5,"3,057,460","2,942,191","115,269",3.8,"3,051,194","2,953,015","98,179",3.2,"3,078,931","2,978,046","100,885",3.3,"3,052,700","2,867,162","185,538",6.1,"57,375",100.0,Missouri,727769,716596,711271,764772,766031,801665,790984,762811,682388,574373
26,25,MS,9350.474984634146,8264.917106780487,13080.322560731707,14640.994912682923,6382.7512609756095,3846.99516497561,5794.534741609756,61360.99060390244,52281.52431878811,32.354668,-89.398528,Mississippi,28000,MS,Mississippi,,,,,"1,309,882","1,239,841","70,041",5.3,"1,294,733","1,223,536","71,197",5.5,"1,290,793","1,207,799","82,994",6.4,"1,304,578","1,224,551","80,027",6.1,"1,314,982","1,234,123","80,859",6.1,"1,317,407","1,217,359","100,048",7.6,"1,280,618","1,199,290","81,328",6.4,"1,293,338","1,213,549","79,789",6.2,"1,293,375","1,206,858","86,517",6.7,"1,268,505","1,149,831","118,674",9.4,"1,309,128","1,176,938","132,190",10.1,"1,345,990","1,214,638","131,352",9.8,"1,330,450","1,213,245","117,205",8.8,"1,273,057","1,164,832","108,225",8.5,"1,243,934","1,149,277","94,657",7.6,"1,260,015","1,178,018","81,997",6.5,"1,271,836","1,196,241","75,595",5.9,"1,273,981","1,207,458","66,523",5.2,"1,270,141","1,207,236","62,905",5.0,"1,280,473","1,209,451","71,022",5.5,"1,259,347","1,157,546","101,801",8.1,"45,928",100.0,Mississippi,524460,519312,479108,509923,525570,516526,491937,498591,424433,365919
27,26,MT,10777.0706055,8841.369538071429,14527.148772214288,12372.540605357142,7108.5345735,11832.66564942857,9297.517588071429,74756.84735357143,66608.07875279018,46.879682,-110.362566,Montana,30000,MT,Montana,,,,,"470,069","447,383","22,686",4.8,"465,355","443,866","21,489",4.6,"466,408","445,122","21,286",4.6,"470,502","448,251","22,251",4.7,"478,226","456,674","21,552",4.5,"485,546","465,728","19,818",4.1,"495,166","478,726","16,440",3.3,"505,095","488,129","16,966",3.4,"512,278","488,259","24,019",4.7,"502,593","466,778","35,815",7.1,"500,895","464,808","36,087",7.2,"501,065","467,786","33,279",6.6,"506,441","477,056","29,385",5.8,"511,199","483,798","27,401",5.4,"512,613","488,738","23,875",4.7,"517,901","495,725","22,176",4.3,"521,736","499,266","22,470",4.3,"525,395","503,885","21,510",4.1,"529,812","509,857","19,955",3.8,"537,145","517,793","19,352",3.6,"539,883","508,095","31,788",5.9,"57,248",100.0,Montana,153974,153907,166021,176837,170509,178926,178730,166184,139768,118357
28,27,NC,10528.09537716,8101.787416919999,13268.15706672,13978.24762548,6750.341259600001,9440.544273840002,7946.41397676,70013.5869528,62694.3223046875,35.759573,-79.0193,North Carolina,37000,NC,North Carolina,,,,,"4,127,465","3,972,811","154,654",3.7,"4,191,959","3,956,124","235,835",5.6,"4,209,274","3,917,218","292,056",6.9,"4,285,401","3,997,950","287,451",6.7,"4,287,954","4,036,223","251,731",5.9,"4,348,830","4,105,112","243,718",5.6,"4,461,103","4,232,804","228,299",5.1,"4,528,594","4,297,692","230,902",5.1,"4,578,477","4,296,605","281,872",6.2,"4,613,198","4,104,074","509,124",11.0,"4,633,695","4,135,783","497,912",10.7,"4,657,873","4,180,071","477,802",10.3,"4,720,203","4,271,383","448,820",9.5,"4,701,391","4,336,379","365,012",7.8,"4,698,287","4,410,647","287,640",6.1,"4,763,821","4,493,882","269,939",5.7,"4,844,851","4,598,456","246,395",5.1,"4,928,317","4,705,369","222,948",4.5,"4,986,852","4,786,177","200,675",4.0,"5,077,492","4,885,611","191,881",3.8,"4,950,859","4,587,407","363,452",7.3,"57,388",100.0,North Carolina,1465121,1453309,1361040,1431168,1549918,1528388,1556925,1491079,1254138,1080102
29,28,ND,10379.511631698117,8839.559501886793,14517.901460603774,11312.800395169812,6963.827396830189,10699.86383637736,5996.463598867925,68709.9276090566,82881.29142099057,47.551493,-101.002012,North Dakota,38000,ND,North Dakota,,,,,"342,761","332,615","10,146",3.0,"342,528","332,805","9,723",2.8,"342,463","330,852","11,611",3.4,"347,099","335,092","12,007",3.5,"353,652","341,694","11,958",3.4,"356,385","344,595","11,790",3.3,"362,712","351,410","11,302",3.1,"367,564","356,434","11,130",3.0,"371,843","360,446","11,397",3.1,"370,364","355,736","14,628",3.9,"379,062","365,041","14,021",3.7,"387,383","374,434","12,949",3.3,"395,490","383,888","11,602",2.9,"401,518","389,928","11,590",2.9,"409,503","398,783","10,720",2.6,"410,764","399,296","11,468",2.8,"411,778","399,001","12,777",3.1,"410,949","399,984","10,965",2.7,"407,456","397,402","10,054",2.5,"409,480","399,959","9,521",2.3,"406,839","386,006","20,833",5.1,"67,402",100.0,North Dakota,67813,71997,61607,61244,63683,65997,70025,73944,57168,54797
30,29,NE,9669.668622193549,8244.550587096774,14130.400164,17667.028342580645,6491.028108774193,12137.050646193547,9344.875703096774,77684.60194193547,71279.6363407258,41.492537,-99.901813,Nebraska,31000,NE,Nebraska,,,,,"938,849","912,620","26,229",2.8,"945,374","915,662","29,712",3.1,"952,937","917,833","35,104",3.7,"967,039","928,916","38,123",3.9,"973,636","935,722","37,914",3.9,"972,759","935,914","36,845",3.8,"971,430","941,941","29,489",3.0,"979,043","950,318","28,725",2.9,"987,537","955,470","32,067",3.2,"987,855","941,903","45,952",4.7,"992,009","945,195","46,814",4.7,"1,003,635","959,325","44,310",4.4,"1,012,807","973,448","39,359",3.9,"1,014,830","977,464","37,366",3.7,"1,012,727","979,728","32,999",3.3,"1,011,666","981,326","30,340",3.0,"1,016,062","984,966","31,096",3.1,"1,016,584","986,679","29,905",2.9,"1,027,012","997,737","29,275",2.9,"1,040,540","1,009,434","31,106",3.0,"1,035,175","991,388","43,787",4.2,"63,290",100.0,Nebraska,206291,209111,184040,202324,206100,205574,200265,201766,173309,148165
31,30,NH,14636.2873752,9769.6364868,13789.3676472,9644.0378592,8843.2287276,11368.069979999998,6751.865862000001,74802.494172,89199.25,43.193852,-71.572395,New Hampshire,33000,NH,New Hampshire,,,,,"685,799","667,603","18,196",2.7,"692,029","668,566","23,463",3.4,"700,563","668,980","31,583",4.5,"708,938","677,387","31,551",4.5,"715,495","688,271","27,224",3.8,"726,101","699,666","26,435",3.6,"732,384","706,655","25,729",3.5,"737,928","712,023","25,905",3.5,"742,881","715,076","27,805",3.7,"739,802","694,362","45,440",6.1,"739,340","694,132","45,208",6.1,"736,785","696,591","40,194",5.5,"740,796","700,448","40,348",5.4,"743,036","704,023","39,013",5.3,"743,756","711,740","32,016",4.3,"746,317","720,832","25,485",3.4,"752,478","731,002","21,476",2.9,"755,006","733,835","21,171",2.8,"764,557","744,342","20,215",2.6,"773,432","753,315","20,117",2.6,"761,732","710,817","50,915",6.7,"78,571",100.0,New Hampshire,139779,135552,134877,133464,143475,137349,138091,139569,118870,84026
32,31,NJ,20041.624333714284,9574.312942285716,12655.240964,12029.928756,10731.022045142858,15062.561234285711,12480.573158285712,92575.26389142856,104246.45982142857,40.058324,-74.405661,New Jersey,34000,NJ,New Jersey,,,,,"4,287,640","4,130,824","156,816",3.7,"4,294,366","4,112,095","182,271",4.2,"4,345,273","4,094,389","250,884",5.8,"4,344,387","4,091,465","252,922",5.8,"4,348,048","4,134,064","213,984",4.9,"4,387,304","4,192,396","194,908",4.4,"4,436,646","4,231,848","204,798",4.6,"4,436,092","4,248,982","187,110",4.2,"4,495,936","4,251,455","244,481",5.4,"4,540,303","4,133,366","406,937",9.0,"4,559,778","4,118,982","440,796",9.7,"4,561,786","4,134,708","427,078",9.4,"4,576,286","4,147,221","429,065",9.4,"4,528,019","4,147,661","380,358",8.4,"4,493,894","4,191,318","302,576",6.7,"4,494,606","4,237,876","256,730",5.7,"4,492,821","4,271,201","221,620",4.9,"4,476,129","4,274,097","202,032",4.5,"4,455,435","4,278,272","177,163",4.0,"4,522,178","4,367,251","154,927",3.4,"4,495,166","4,055,260","439,906",9.8,"85,786",100.0,New Jersey,1310811,1228822,1017136,1071584,1124840,1114220,1089994,1125246,940315,745867
33,32,NM,11098.560925818185,8407.743336727273,13523.317778181818,9936.787400363635,7067.903321454545,10937.697912,6715.551334909092,67687.56208727273,57366.03314393939,34.97273,-105.032363,New Mexico,35000,NM,New Mexico,,,,,"846,150","803,666","42,484",5.0,"855,088","812,557","42,531",5.0,"866,850","819,275","47,575",5.5,"880,251","828,390","51,861",5.9,"890,462","841,002","49,460",5.6,"906,007","858,722","47,285",5.2,"914,467","876,100","38,367",4.2,"920,673","887,565","33,108",3.6,"933,628","893,645","39,983",4.3,"928,373","862,687","65,686",7.1,"928,862","856,602","72,260",7.8,"925,108","858,165","66,943",7.2,"928,762","863,937","64,825",7.0,"929,410","865,207","64,203",6.9,"931,950","870,570","61,380",6.6,"938,300","876,206","62,094",6.6,"944,245","880,515","63,730",6.7,"946,386","888,865","57,521",6.1,"947,642","900,803","46,839",4.9,"960,239","911,926","48,313",5.0,"943,287","863,874","79,413",8.4,"52,021",100.0,New Mexico,437404,450870,404763,394687,397890,405848,378252,380445,295204,225491
34,33,NV,11752.710806117646,9006.603507529411,14758.563785647058,14747.497512705882,7521.918270352941,11146.450382117646,6991.566199764705,75925.31020235295,74772.6270680147,38.80261,-116.419389,Nevada,32000,NV,Nevada,,,,,"1,070,776","1,026,650","44,126",4.1,"1,113,529","1,055,769","57,760",5.2,"1,134,096","1,069,601","64,495",5.7,"1,150,376","1,089,893","60,483",5.3,"1,178,651","1,126,205","52,446",4.4,"1,228,449","1,177,587","50,862",4.1,"1,291,512","1,239,263","52,249",4.0,"1,344,209","1,282,414","61,795",4.6,"1,373,107","1,278,789","94,318",6.9,"1,367,367","1,207,052","160,315",11.7,"1,358,860","1,171,879","186,981",13.8,"1,360,791","1,179,653","181,138",13.3,"1,366,208","1,207,733","158,475",11.6,"1,370,727","1,234,021","136,706",10.0,"1,380,084","1,267,424","112,660",8.2,"1,396,761","1,301,094","95,667",6.8,"1,414,233","1,332,390","81,843",5.8,"1,453,132","1,380,207","72,925",5.0,"1,505,604","1,439,599","66,005",4.4,"1,566,380","1,505,228","61,152",3.9,"1,530,872","1,334,416","196,456",12.8,"63,268",100.0,Nevada,471408,472055,529094,565573,589059,560498,580575,551933,416208,341952
35,34,NY,14128.711020387096,8762.145678387096,13017.763703806451,12217.500263612905,8294.260118709677,18234.22963548387,12109.444072064516,86764.05435290321,80175.48834425403,43.299428,-74.217933,New York,36000,NY,New York,,,,,"9,140,541","8,727,537","413,004",4.5,"9,126,538","8,680,547","445,991",4.9,"9,294,770","8,718,237","576,533",6.2,"9,283,810","8,689,954","593,856",6.4,"9,359,930","8,816,050","543,880",5.8,"9,455,488","8,986,176","469,312",5.0,"9,520,386","9,090,969","429,417",4.5,"9,511,023","9,088,287","422,736",4.4,"9,641,100","9,121,271","519,829",5.4,"9,664,010","8,853,905","810,105",8.4,"9,630,297","8,790,607","839,690",8.7,"9,537,752","8,741,662","796,090",8.3,"9,602,599","8,775,083","827,516",8.6,"9,632,949","8,880,792","752,157",7.8,"9,523,567","8,925,328","598,239",6.3,"9,536,519","9,035,989","500,530",5.2,"9,527,021","9,062,866","464,155",4.9,"9,548,964","9,106,046","442,918",4.6,"9,511,244","9,121,642","389,602",4.1,"9,507,139","9,143,287","363,852",3.8,"9,289,171","8,361,006","928,165",10.0,"72,038",100.0,New York,2602283,2541757,2156461,2172693,2245437,2155975,2073007,2036206,1654986,1351396
36,35,OH,10219.128952909092,7613.183518363636,13150.143775363636,11501.11904168182,6461.350079318181,10213.477841727272,5941.784316272728,65100.18750818182,70903.52871981534,40.417287,-82.907123,Ohio,39000,OH,Ohio,,,,,"5,781,442","5,544,340","237,102",4.1,"5,821,151","5,566,414","254,737",4.4,"5,827,493","5,490,092","337,401",5.8,"5,862,996","5,498,959","364,037",6.2,"5,853,714","5,487,218","366,496",6.3,"5,880,691","5,531,429","349,262",5.9,"5,957,220","5,635,968","321,252",5.4,"6,017,203","5,679,258","337,945",5.6,"6,002,468","5,609,101","393,367",6.6,"5,904,847","5,304,803","600,044",10.2,"5,871,473","5,267,304","604,169",10.3,"5,773,480","5,263,728","509,752",8.8,"5,712,475","5,290,392","422,083",7.4,"5,706,777","5,281,459","425,318",7.5,"5,713,176","5,381,787","331,389",5.8,"5,710,776","5,427,850","282,926",5.0,"5,754,480","5,464,097","290,383",5.0,"5,796,594","5,508,224","288,370",5.0,"5,790,602","5,529,707","260,895",4.5,"5,842,249","5,599,016","243,233",4.2,"5,754,286","5,285,484","468,802",8.1,"58,704",100.0,Ohio,1209675,1182044,1261883,1358090,1384046,1338208,1294898,1248847,947102,735492
37,36,OK,9835.392297194803,8258.433600935065,13860.077201298702,13996.42816394805,6556.106677558441,10655.577850597405,7948.659703324676,71110.67537298701,61805.006493506495,35.007752,-97.092877,Oklahoma,40000,OK,Oklahoma,,,,,"1,655,517","1,605,949","49,568",3.0,"1,672,620","1,611,746","60,874",3.6,"1,685,334","1,607,453","77,881",4.6,"1,686,378","1,595,412","90,966",5.4,"1,690,505","1,610,799","79,706",4.7,"1,709,289","1,635,004","74,285",4.3,"1,714,440","1,647,518","66,922",3.9,"1,723,271","1,654,796","68,475",4.0,"1,740,886","1,678,409","62,477",3.6,"1,769,447","1,653,357","116,090",6.6,"1,765,708","1,650,502","115,206",6.5,"1,767,056","1,668,235","98,821",5.6,"1,794,901","1,703,624","91,277",5.1,"1,799,525","1,707,220","92,305",5.1,"1,797,769","1,719,826","77,943",4.3,"1,829,046","1,750,501","78,545",4.3,"1,828,055","1,743,225","84,830",4.6,"1,831,380","1,757,627","73,753",4.0,"1,838,412","1,778,445","59,967",3.3,"1,845,657","1,788,375","57,282",3.1,"1,848,485","1,734,924","113,561",6.1,"54,447",100.0,Oklahoma,646840,598090,660010,666731,691408,695537,684288,659369,576768,522022
38,37,OR,13871.104395333334,9101.673092,14027.645025,12768.552422333332,8323.943243666667,12415.406518666668,13309.707870666669,83818.03268333332,68232.7333984375,43.804133,-120.554201,Oregon,41000,OR,Oregon,,,,,"1,811,837","1,717,623","94,214",5.2,"1,815,076","1,699,359","115,717",6.4,"1,834,254","1,696,894","137,360",7.5,"1,846,328","1,698,482","147,846",8.0,"1,845,407","1,709,561","135,846",7.4,"1,848,897","1,734,710","114,187",6.2,"1,881,770","1,780,651","101,119",5.4,"1,910,890","1,812,303","98,587",5.2,"1,946,539","1,825,256","121,283",6.2,"1,968,365","1,755,156","213,209",10.8,"1,991,749","1,778,034","213,715",10.7,"1,995,931","1,804,257","191,674",9.6,"1,964,662","1,791,248","173,414",8.8,"1,924,692","1,775,139","149,553",7.8,"1,950,128","1,820,202","129,926",6.7,"1,979,475","1,871,286","108,189",5.5,"2,042,929","1,946,233","96,696",4.7,"2,080,801","1,996,375","84,426",4.1,"2,087,262","2,003,573","83,689",4.0,"2,106,948","2,029,051","77,897",3.7,"2,104,657","1,945,212","159,445",7.6,"66,955",100.0,Oregon,615610,608893,579896,628573,639710,589681,566354,560102,378857,278293
39,38,PA,11177.236365850747,8430.996852716418,13227.439709731343,11260.004017253732,7104.836182925374,12808.142150328358,8105.685545731343,72114.3407641791,73501.25064132463,41.203322,-77.194525,Pennsylvania,42000,PA,Pennsylvania,,,,,"6,105,742","5,848,152","257,590",4.2,"6,178,900","5,882,813","296,087",4.8,"6,214,539","5,869,299","345,240",5.6,"6,157,935","5,808,102","349,833",5.7,"6,212,828","5,878,607","334,221",5.4,"6,256,642","5,943,887","312,755",5.0,"6,297,964","6,002,761","295,203",4.7,"6,346,588","6,057,645","288,943",4.6,"6,439,786","6,096,818","342,968",5.3,"6,400,238","5,890,073","510,165",8.0,"6,360,605","5,838,498","522,107",8.2,"6,381,749","5,886,748","495,001",7.8,"6,449,023","5,955,409","493,614",7.7,"6,419,837","5,962,130","457,707",7.1,"6,389,059","6,010,075","378,984",5.9,"6,423,155","6,076,402","346,753",5.4,"6,458,891","6,114,644","344,247",5.3,"6,421,994","6,101,860","320,134",5.0,"6,432,154","6,145,958","286,196",4.4,"6,496,785","6,206,707","290,078",4.5,"6,387,869","5,807,942","579,927",9.1,"63,455",100.0,Pennsylvania,1197745,1167286,1080141,1203026,1254674,1249474,1210961,1204620,1047882,786343
40,39,RI,16594.7252544,10320.3034872,12764.529648,9078.537864,9752.3763576,14802.695184,10199.6026344,83512.769736,101153.2484375,41.580095,-71.477429,Rhode Island,44000,RI,Rhode Island,,,,,"542,514","520,813","21,701",4.0,"541,661","517,532","24,129",4.5,"550,244","522,201","28,043",5.1,"560,785","529,583","31,202",5.6,"555,679","526,489","29,190",5.3,"563,439","534,535","28,904",5.1,"571,586","541,675","29,911",5.2,"571,086","541,956","29,130",5.1,"568,229","525,187","43,042",7.6,"571,203","505,930","65,273",11.4,"571,505","504,957","66,548",11.6,"562,061","500,109","61,952",11.0,"560,204","502,897","57,307",10.2,"558,747","505,776","52,971",9.5,"556,635","513,406","43,229",7.8,"555,272","521,767","33,505",6.0,"553,231","524,438","28,793",5.2,"555,900","530,862","25,038",4.5,"558,221","535,520","22,701",4.1,"558,874","538,703","20,171",3.6,"541,680","490,845","50,835",9.4,"70,383",100.0,Rhode Island,110118,105801,103424,116176,120001,110145,110225,118849,74089,56939
41,40,SC,10396.033978695652,7944.085326521739,13075.94370573913,12124.857247826088,6645.348515739131,6562.758857217392,5355.842243217391,62104.86980608696,60021.241338315216,33.836081,-81.163725,South Carolina,45000,SC,South Carolina,,,,,"1,965,481","1,892,559","72,922",3.7,"1,941,956","1,839,246","102,710",5.3,"1,954,548","1,828,735","125,813",6.4,"1,999,485","1,855,599","143,886",7.2,"2,043,864","1,891,722","152,142",7.4,"2,071,111","1,919,644","151,467",7.3,"2,148,698","2,001,245","147,453",6.9,"2,155,198","2,024,493","130,705",6.1,"2,160,084","2,002,903","157,181",7.3,"2,166,737","1,919,307","247,430",11.4,"2,174,535","1,928,442","246,093",11.3,"2,185,171","1,957,493","227,678",10.4,"2,190,203","1,992,957","197,246",9.0,"2,197,876","2,034,404","163,472",7.4,"2,222,426","2,082,941","139,485",6.3,"2,267,837","2,134,087","133,750",5.9,"2,286,054","2,174,301","111,753",4.9,"2,297,079","2,200,602","96,477",4.2,"2,320,880","2,242,438","78,442",3.4,"2,367,685","2,302,573","65,112",2.8,"2,384,590","2,237,407","147,183",6.2,"56,360",100.0,South Carolina,726846,694350,721391,737955,785961,755487,770336,729833,635365,517674
42,41,SD,9607.76053581818,8673.512341454547,13965.178835454546,16936.346935272726,6624.026100545454,8883.498040727274,5848.400539090909,70538.72318727273,69327.77864583333,43.969515,-99.901813,South Dakota,46000,SD,South Dakota,,,,,"408,496","398,124","10,372",2.5,"413,493","401,072","12,421",3.0,"416,793","403,343","13,450",3.2,"421,524","406,897","14,627",3.5,"425,953","410,618","15,335",3.6,"429,361","414,088","15,273",3.6,"432,760","419,816","12,944",3.0,"436,295","423,910","12,385",2.8,"439,212","425,670","13,542",3.1,"441,300","421,123","20,177",4.6,"443,618","421,815","21,803",4.9,"445,866","425,367","20,499",4.6,"447,056","428,943","18,113",4.1,"447,479","430,834","16,645",3.7,"450,769","435,733","15,036",3.3,"453,091","439,293","13,798",3.0,"455,133","441,418","13,715",3.0,"456,799","442,629","14,170",3.1,"458,893","445,665","13,228",2.9,"463,283","449,422","13,861",3.0,"463,256","441,745","21,511",4.6,"60,414",100.0,South Dakota,89706,91620,84655,99891,94404,94966,94071,89295,81569,82558
43,42,TN,9742.246078105263,8404.915791789474,13388.35801288421,12628.856286442106,6575.432410863157,7788.3440544,4342.954588168422,62871.10726105263,59715.51192434211,35.517491,-86.580447,Tennessee,47000,TN,Tennessee,,,,,"2,849,026","2,738,785","110,241",3.9,"2,857,659","2,728,621","129,038",4.5,"2,898,948","2,750,424","148,524",5.1,"2,904,566","2,744,351","160,215",5.5,"2,897,792","2,742,911","154,881",5.3,"2,898,490","2,738,224","160,266",5.5,"3,014,749","2,856,079","158,670",5.3,"3,043,258","2,901,946","141,312",4.6,"3,060,778","2,862,093","198,685",6.5,"3,032,658","2,725,134","307,524",10.1,"3,093,118","2,789,056","304,062",9.8,"3,117,492","2,833,278","284,214",9.1,"3,096,322","2,849,727","246,595",8.0,"3,078,892","2,840,127","238,765",7.8,"3,043,573","2,842,540","201,033",6.6,"3,074,216","2,902,684","171,532",5.6,"3,136,399","2,987,679","148,720",4.7,"3,187,449","3,068,568","118,881",3.7,"3,250,678","3,137,661","113,017",3.5,"3,329,279","3,216,916","112,363",3.4,"3,289,426","3,043,894","245,532",7.5,"56,047",100.0,Tennessee,842331,857289,777755,867718,888747,918356,875361,878198,765026,656235
44,43,TX,11119.062746456691,7673.697072236221,13660.94247552756,13461.441193181105,6809.35802343307,7362.309620125985,4708.587249321259,64795.398351968506,66050.29426827018,31.968599,-99.901813,Texas,48000,TX,Texas,,,,,"10,388,337","9,932,973","455,364",4.4,"10,539,140","10,014,830","524,310",5.0,"10,742,014","10,061,049","680,965",6.3,"10,910,636","10,176,554","734,082",6.7,"10,998,258","10,336,114","662,144",6.0,"11,172,694","10,561,373","611,321",5.5,"11,335,112","10,770,786","564,326",5.0,"11,441,054","10,940,176","500,878",4.4,"11,677,743","11,110,499","567,244",4.9,"11,944,138","11,043,167","900,971",7.5,"12,260,100","11,255,444","1,004,656",8.2,"12,499,595","11,498,869","1,000,726",8.0,"12,639,465","11,794,975","844,490",6.7,"12,832,035","12,022,272","809,763",6.3,"13,006,202","12,333,076","673,126",5.2,"13,090,961","12,503,464","587,497",4.5,"13,346,836","12,728,898","617,938",4.6,"13,572,824","12,983,493","589,331",4.3,"13,812,790","13,274,820","537,970",3.9,"14,037,537","13,541,936","495,601",3.5,"13,983,319","12,915,337","1,067,982",7.6,"64,044",100.0,Texas,5854743,5765132,5494593,5710171,5820793,5771479,5712298,5695879,4976322,4536765
45,44,UT,11418.713450068966,8479.065999310345,14934.512679310345,12302.559405931032,7209.750201517241,11745.411428689657,9519.041265931037,75609.05436000001,75671.13106142242,39.32098,-111.093731,Utah,49000,UT,Utah,,,,,"1,142,860","1,104,750","38,110",3.3,"1,162,874","1,112,047","50,827",4.4,"1,179,433","1,112,581","66,852",5.7,"1,197,252","1,130,789","66,463",5.6,"1,231,740","1,170,046","61,694",5.0,"1,280,653","1,228,827","51,826",4.0,"1,333,278","1,295,285","37,993",2.8,"1,377,638","1,342,237","35,401",2.6,"1,385,646","1,339,394","46,252",3.3,"1,373,841","1,274,210","99,631",7.3,"1,350,173","1,242,907","107,266",7.9,"1,341,427","1,246,797","94,630",7.1,"1,348,557","1,284,149","64,408",4.8,"1,385,908","1,327,560","58,348",4.2,"1,415,779","1,364,353","51,426",3.6,"1,453,457","1,401,945","51,512",3.5,"1,500,137","1,449,981","50,156",3.3,"1,545,343","1,496,759","48,584",3.1,"1,573,618","1,527,697","45,921",2.9,"1,609,370","1,568,506","40,864",2.5,"1,632,215","1,555,782","76,433",4.7,"75,705",100.0,Utah,400573,388199,399117,397794,414476,417274,398299,393334,360274,306968
46,45,VA,12862.604801593983,8526.298745954888,13507.020366406015,13182.81443061654,7750.04326818045,11062.401409082708,9857.37505506767,76748.55800932331,76830.18952655075,37.431573,-78.656894,Virginia,51000,VA,Virginia,,,,,"3,606,390","3,524,481","81,909",2.3,"3,681,107","3,559,669","121,438",3.3,"3,739,499","3,576,530","162,969",4.4,"3,772,549","3,609,335","163,214",4.3,"3,814,529","3,658,421","156,108",4.1,"3,906,549","3,756,587","149,962",3.8,"3,976,503","3,844,285","132,218",3.3,"4,039,414","3,906,626","132,788",3.3,"4,128,589","3,952,723","175,866",4.3,"4,136,186","3,853,351","282,835",6.8,"4,163,293","3,858,466","304,827",7.3,"4,205,184","3,929,008","276,176",6.6,"4,217,529","3,967,151","250,378",5.9,"4,238,377","4,002,057","236,320",5.6,"4,258,856","4,040,908","217,948",5.1,"4,233,981","4,048,081","185,900",4.4,"4,254,348","4,084,822","169,526",4.0,"4,333,556","4,174,453","159,103",3.7,"4,361,378","4,232,972","128,406",2.9,"4,427,338","4,308,622","118,716",2.7,"4,346,644","4,075,237","271,407",6.2,"76,471",100.0,Virginia,1034424,1014834,874962,908234,1009466,979509,981173,971264,863567,722551
47,46,VT,13487.158854,10203.646728,14039.67381257143,15202.04032457143,8584.11321,11576.131465714285,10045.560134571428,83138.32448571429,77969.39453125,44.558803,-72.577841,Vermont,50000,VT,Vermont,,,,,"334,055","324,667","9,388",2.8,"338,145","326,980","11,165",3.3,"343,261","330,080","13,181",3.8,"346,380","331,239","15,141",4.4,"347,352","334,555","12,797",3.7,"349,521","337,407","12,114",3.5,"355,394","342,232","13,162",3.7,"353,268","339,367","13,901",3.9,"353,986","337,925","16,061",4.5,"359,282","337,018","22,264",6.2,"359,692","336,920","22,772",6.3,"357,676","337,779","19,897",5.6,"353,947","336,899","17,048",4.8,"350,175","334,684","15,491",4.4,"348,697","334,742","13,955",4.0,"346,512","334,262","12,250",3.5,"345,851","335,043","10,808",3.1,"347,128","336,659","10,469",3.0,"346,721","337,608","9,113",2.6,"344,385","336,403","7,982",2.3,"330,058","311,645","18,413",5.6,"63,293",100.0,Vermont,68944,60093,53056,53420,49750,40681,39972,43638,30387,23229
48,47,WA,14035.822855692306,9232.88268246154,14428.061044615386,10864.519755076924,8431.16968123077,11674.968127384614,6981.485965538462,75648.91015076922,74820.33814102564,47.751074,-120.740139,Washington,53000,WA,Washington,,,,,"3,087,680","2,929,824","157,856",5.1,"3,085,655","2,900,354","185,301",6.0,"3,101,001","2,881,326","219,675",7.1,"3,136,253","2,910,008","226,245",7.2,"3,189,389","2,988,316","201,073",6.3,"3,259,772","3,077,058","182,714",5.6,"3,330,058","3,164,354","165,704",5.0,"3,401,404","3,244,794","156,610",4.6,"3,474,043","3,291,664","182,379",5.2,"3,463,713","3,176,729","286,984",8.3,"3,458,451","3,142,109","316,342",9.1,"3,437,871","3,144,459","293,412",8.5,"3,468,738","3,203,294","265,444",7.7,"3,460,772","3,230,947","229,825",6.6,"3,495,153","3,287,904","207,249",5.9,"3,554,826","3,361,249","193,577",5.4,"3,648,558","3,459,527","189,031",5.2,"3,724,636","3,552,578","172,058",4.6,"3,811,863","3,645,260","166,603",4.4,"3,909,319","3,747,162","162,157",4.1,"3,914,869","3,585,782","329,087",8.4,"78,674",100.0,Washington,801215,749936,796579,865282,936767,937962,933183,940952,630600,459596
49,48,WI,10453.766250166667,8124.202130666667,13645.080319666666,13253.915261666663,6731.5306218333335,12317.522678,8624.602324666666,73150.61948166667,74495.81586371528,43.78444,-88.787868,Wisconsin,55000,WI,Wisconsin,,,,,"2,985,643","2,884,737","100,906",3.4,"3,017,681","2,884,305","133,376",4.4,"3,016,760","2,856,234","160,526",5.3,"3,045,298","2,873,956","171,342",5.6,"3,034,621","2,883,573","151,048",5.0,"3,029,662","2,885,671","143,991",4.8,"3,066,266","2,923,575","142,691",4.7,"3,087,598","2,938,876","148,722",4.8,"3,098,931","2,945,874","153,057",4.9,"3,112,494","2,833,292","279,202",9.0,"3,082,935","2,820,620","262,315",8.5,"3,072,157","2,839,987","232,170",7.6,"3,070,033","2,857,150","212,883",6.9,"3,077,801","2,871,988","205,813",6.7,"3,077,981","2,913,764","164,217",5.3,"3,084,207","2,947,048","137,159",4.4,"3,110,466","2,988,744","121,722",3.9,"3,122,309","3,020,168","102,141",3.3,"3,106,532","3,012,801","93,731",3.0,"3,094,325","2,993,025","101,300",3.3,"3,065,402","2,872,609","192,793",6.3,"64,177",100.0,Wisconsin,474052,466930,476388,506363,518246,494532,498050,505462,407618,314933
50,49,WV,9264.1717128,7737.175183636363,13462.662652145456,20142.651212072728,6160.2584733818185,10107.86561629091,10024.918307345455,76899.70326545453,58596.51917613636,38.597626,-80.454903,West Virginia,54000,WV,West Virginia,,,,,"799,081","754,457","44,624",5.6,"796,596","753,657","42,939",5.4,"798,709","747,040","51,669",6.5,"791,841","739,896","51,945",6.6,"789,527","743,989","45,538",5.8,"794,557","751,202","43,355",5.5,"804,910","763,325","41,585",5.2,"804,305","765,517","38,788",4.8,"806,254","768,294","37,960",4.7,"811,270","743,870","67,400",8.3,"810,101","739,891","70,210",8.7,"806,568","743,346","63,222",7.8,"808,022","749,587","58,435",7.2,"799,481","745,849","53,632",6.7,"795,733","743,955","51,778",6.5,"791,526","739,455","52,071",6.6,"785,104","737,205","47,899",6.1,"783,778","742,743","41,035",5.2,"793,448","752,244","41,204",5.2,"798,289","758,989","39,300",4.9,"792,156","726,023","66,133",8.3,"48,659",100.0,West Virginia,275611,251709,259978,250222,262794,272782,264082,254261,156077,106941
51,50,WY,11088.730434782608,8930.964512347826,14694.428992695654,18008.334870260867,7253.924956695652,15455.258306086957,8858.131518260869,84289.77366782608,78918.05502717392,43.075968,-107.290284,Wyoming,56000,WY,Wyoming,,,,,"265,701","255,726","9,975",3.8,"268,393","258,172","10,221",3.8,"269,405","258,571","10,834",4.0,"272,804","260,995","11,809",4.3,"274,736","264,187","10,549",3.8,"279,083","269,172","9,911",3.6,"284,826","276,310","8,516",3.0,"290,748","283,072","7,676",2.6,"296,620","287,909","8,711",2.9,"299,893","281,123","18,770",6.3,"301,893","280,953","20,940",6.9,"302,932","284,273","18,659",6.2,"303,748","287,110","16,638",5.5,"302,201","287,792","14,409",4.8,"302,865","289,694","13,171",4.3,"301,608","288,894","12,714",4.2,"300,546","284,439","16,107",5.4,"295,869","283,165","12,704",4.3,"294,892","282,956","11,936",4.0,"296,299","285,292","11,007",3.7,"296,801","279,462","17,339",5.8,"66,152",100.0,Wyoming,74486,72186,71703,80707,83761,84035,84401,77766,69582,65487
